SN,Nama_Barang,Kode_Gudang,Deskripsi
ZTEGDD2B1636,ont zte,DN/TRF-EMR/26/02132,ZTE-ONT ZXHN-F672Y (DUAL BAND)
ZTEGDD2B1539,ont zte,DN/TRF-EMR/26/02132,ZTE-ONT ZXHN-F672Y (DUAL BAND)
ZTEGDD2B1503,ont zte,DN/TRF-EMR/26/02132,ZTE-ONT ZXHN-F672Y (DUAL BAND)
ZTEGDD2B16D2,ont zte,DN/TRF-EMR/26/02132,ZTE-ONT ZXHN-F672Y (DUAL BAND)
ZTEGDD2B1528,ont zte,DN/TRF-EMR/26/02132,ZTE-ONT ZXHN-F672Y (DUAL BAND)
ZTEGDD2B15C4,ont zte,DN/TRF-EMR/26/02132,ZTE-ONT ZXHN-F672Y (DUAL BAND)
ZTEGDD2AFC41,ont zte,DN/TRF-EMR/26/02132,ZTE-ONT ZXHN-F672Y (DUAL BAND)
ZTEGDD2B14DD,ont zte,DN/TRF-EMR/26/02132,ZTE-ONT ZXHN-F672Y (DUAL BAND)
ZTEGDD2B1510,ont zte,DN/TRF-EMR/26/02132,ZTE-ONT ZXHN-F672Y (DUAL BAND)
ZTEGDD2B16A8,ont zte,DN/TRF-EMR/26/02132,ZTE-ONT ZXHN-F672Y (DUAL BAND)
ZTEGDD2B159B,ont zte,DN/TRF-EMR/26/02132,ZTE-ONT ZXHN-F672Y (DUAL BAND)
ZTEGDD2B1501,ont zte,DN/TRF-EMR/26/02132,ZTE-ONT ZXHN-F672Y (DUAL BAND)
ZTEGDD2B14FA,ont zte,DN/TRF-EMR/26/02132,ZTE-ONT ZXHN-F672Y (DUAL BAND)
ZTEGDD2B150B,ont zte,DN/TRF-EMR/26/02132,ZTE-ONT ZXHN-F672Y (DUAL BAND)
ZTEGDD2B14DE,ont zte,DN/TRF-EMR/26/02132,ZTE-ONT ZXHN-F672Y (DUAL BAND)
ZTEGDD2B14E0,ont zte,DN/TRF-EMR/26/02132,ZTE-ONT ZXHN-F672Y (DUAL BAND)
ZTEGDD2B14CF,ont zte,DN/TRF-EMR/26/02132,ZTE-ONT ZXHN-F672Y (DUAL BAND)
ZTEGDD2B1518,ont zte,DN/TRF-EMR/26/02132,ZTE-ONT ZXHN-F672Y (DUAL BAND)
ZTEGDD2B14FD,ont zte,DN/TRF-EMR/26/02132,ZTE-ONT ZXHN-F672Y (DUAL BAND)
ZTEGDD2B15E8,ont zte,DN/TRF-EMR/26/02132,ZTE-ONT ZXHN-F672Y (DUAL BAND)
ZTEGDD2AFDEF,ont zte,DN/TRF-EMR/26/02132,ZTE-ONT ZXHN-F672Y (DUAL BAND)
ZTEGDD2AFE1E,ont zte,DN/TRF-EMR/26/02132,ZTE-ONT ZXHN-F672Y (DUAL BAND)
ZTEGDD2AFE25,ont zte,DN/TRF-EMR/26/02132,ZTE-ONT ZXHN-F672Y (DUAL BAND)
ZTEGDD2AFDE4,ont zte,DN/TRF-EMR/26/02132,ZTE-ONT ZXHN-F672Y (DUAL BAND)
ZTEGDD2AFE07,ont zte,DN/TRF-EMR/26/02132,ZTE-ONT ZXHN-F672Y (DUAL BAND)
ZTEGDD2AFDF0,ont zte,DN/TRF-EMR/26/02132,ZTE-ONT ZXHN-F672Y (DUAL BAND)
ZTEGDD2AFE78,ont zte,DN/TRF-EMR/26/02132,ZTE-ONT ZXHN-F672Y (DUAL BAND)
ZTEGDD2AFE2E,ont zte,DN/TRF-EMR/26/02132,ZTE-ONT ZXHN-F672Y (DUAL BAND)
ZTEGDD2AF856,ont zte,DN/TRF-EMR/26/02132,ZTE-ONT ZXHN-F672Y (DUAL BAND)
ZTEGDD2AFE83,ont zte,DN/TRF-EMR/26/02132,ZTE-ONT ZXHN-F672Y (DUAL BAND)
ZTEGDD2B0002,ont zte,DN/TRF-EMR/26/02132,ZTE-ONT ZXHN-F672Y (DUAL BAND)
ZTEGDD2AFE0B,ont zte,DN/TRF-EMR/26/02132,ZTE-ONT ZXHN-F672Y (DUAL BAND)
ZTEGDD2AFE36,ont zte,DN/TRF-EMR/26/02132,ZTE-ONT ZXHN-F672Y (DUAL BAND)
ZTEGDD2AFE95,ont zte,DN/TRF-EMR/26/02132,ZTE-ONT ZXHN-F672Y (DUAL BAND)
ZTEGDD2AF84E,ont zte,DN/TRF-EMR/26/02132,ZTE-ONT ZXHN-F672Y (DUAL BAND)
ZTEGDD2AFE86,ont zte,DN/TRF-EMR/26/02132,ZTE-ONT ZXHN-F672Y (DUAL BAND)
ZTEGDD2AFE1B,ont zte,DN/TRF-EMR/26/02132,ZTE-ONT ZXHN-F672Y (DUAL BAND)
ZTEGDD2AFF3B,ont zte,DN/TRF-EMR/26/02132,ZTE-ONT ZXHN-F672Y (DUAL BAND)
ZTEGDD2B1198,ont zte,DN/TRF-EMR/26/02132,ZTE-ONT ZXHN-F672Y (DUAL BAND)
ZTEGDD2AFE88,ont zte,DN/TRF-EMR/26/02132,ZTE-ONT ZXHN-F672Y (DUAL BAND)
48575443821075B2,ont huawey,DN/TRF-EMR/26/02132,HUAWEI-ONT HG8145V6 (DUAL BAND)
485754438215A6B2,ont huawey,DN/TRF-EMR/26/02132,HUAWEI-ONT HG8145V6 (DUAL BAND)
48575443820F15B2,ont huawey,DN/TRF-EMR/26/02132,HUAWEI-ONT HG8145V6 (DUAL BAND)
48575443820F10B2,ont huawey,DN/TRF-EMR/26/02132,HUAWEI-ONT HG8145V6 (DUAL BAND)
48575443821447B2,ont huawey,DN/TRF-EMR/26/02132,HUAWEI-ONT HG8145V6 (DUAL BAND)
485754438217F2B2,ont huawey,DN/TRF-EMR/26/02132,HUAWEI-ONT HG8145V6 (DUAL BAND)
48575443820C78B2,ont huawey,DN/TRF-EMR/26/02132,HUAWEI-ONT HG8145V6 (DUAL BAND)
48575443821A98B2,ont huawey,DN/TRF-EMR/26/02132,HUAWEI-ONT HG8145V6 (DUAL BAND)
48575443820FF7B2,ont huawey,DN/TRF-EMR/26/02132,HUAWEI-ONT HG8145V6 (DUAL BAND)
485754438217EFB2,ont huawey,DN/TRF-EMR/26/02132,HUAWEI-ONT HG8145V6 (DUAL BAND)
48575443821AD5B2,ont huawey,DN/TRF-EMR/26/02132,HUAWEI-ONT HG8145V6 (DUAL BAND)
48575443821A8AB2,ont huawey,DN/TRF-EMR/26/02132,HUAWEI-ONT HG8145V6 (DUAL BAND)
48575443820F2EB2,ont huawey,DN/TRF-EMR/26/02132,HUAWEI-ONT HG8145V6 (DUAL BAND)
48575443820C38B2,ont huawey,DN/TRF-EMR/26/02132,HUAWEI-ONT HG8145V6 (DUAL BAND)
48575443821C96B2,ont huawey,DN/TRF-EMR/26/02132,HUAWEI-ONT HG8145V6 (DUAL BAND)
48575443821DACB2,ont huawey,DN/TRF-EMR/26/02132,HUAWEI-ONT HG8145V6 (DUAL BAND)
485754438211F8B2,ont huawey,DN/TRF-EMR/26/02132,HUAWEI-ONT HG8145V6 (DUAL BAND)
4857544382200DB2,ont huawey,DN/TRF-EMR/26/02132,HUAWEI-ONT HG8145V6 (DUAL BAND)
48575443820FE0B2,ont huawey,DN/TRF-EMR/26/02132,HUAWEI-ONT HG8145V6 (DUAL BAND)
4857544382112AB2,ont huawey,DN/TRF-EMR/26/02132,HUAWEI-ONT HG8145V6 (DUAL BAND)
ZTEGDC4AB6F3,ont zte,DN/TRF-EMR/26/02623,ZTE-ONT ZXHN-F672Y (DUAL BAND)
ZTEGDC4AB6C2,ont zte,DN/TRF-EMR/26/02623,ZTE-ONT ZXHN-F672Y (DUAL BAND)
ZTEGDC4AB805,ont zte,DN/TRF-EMR/26/02623,ZTE-ONT ZXHN-F672Y (DUAL BAND)
ZTEGDC4AB811,ont zte,DN/TRF-EMR/26/02623,ZTE-ONT ZXHN-F672Y (DUAL BAND)
ZTEGDC4AB6B6,ont zte,DN/TRF-EMR/26/02623,ZTE-ONT ZXHN-F672Y (DUAL BAND)
ZTEGDC4AB6FD,ont zte,DN/TRF-EMR/26/02623,ZTE-ONT ZXHN-F672Y (DUAL BAND)
ZTEGDC4AB732,ont zte,DN/TRF-EMR/26/02623,ZTE-ONT ZXHN-F672Y (DUAL BAND)
ZTEGDC4AB70A,ont zte,DN/TRF-EMR/26/02623,ZTE-ONT ZXHN-F672Y (DUAL BAND)
ZTEGDC4AB6F9,ont zte,DN/TRF-EMR/26/02623,ZTE-ONT ZXHN-F672Y (DUAL BAND)
ZTEGDC4AB6FE,ont zte,DN/TRF-EMR/26/02623,ZTE-ONT ZXHN-F672Y (DUAL BAND)
ZTEGDC4AB6D6,ont zte,DN/TRF-EMR/26/02623,ZTE-ONT ZXHN-F672Y (DUAL BAND)
ZTEGDC4AB69C,ont zte,DN/TRF-EMR/26/02623,ZTE-ONT ZXHN-F672Y (DUAL BAND)
ZTEGDC4AB736,ont zte,DN/TRF-EMR/26/02623,ZTE-ONT ZXHN-F672Y (DUAL BAND)
ZTEGDC4AB6AA,ont zte,DN/TRF-EMR/26/02623,ZTE-ONT ZXHN-F672Y (DUAL BAND)
ZTEGDC4AB698,ont zte,DN/TRF-EMR/26/02623,ZTE-ONT ZXHN-F672Y (DUAL BAND)
ZTEGDC4AB697,ont zte,DN/TRF-EMR/26/02623,ZTE-ONT ZXHN-F672Y (DUAL BAND)
ZTEGDC4AB73F,ont zte,DN/TRF-EMR/26/02623,ZTE-ONT ZXHN-F672Y (DUAL BAND)
ZTEGDC4AB85A,ont zte,DN/TRF-EMR/26/02623,ZTE-ONT ZXHN-F672Y (DUAL BAND)
ZTEGDC4AB7B6,ont zte,DN/TRF-EMR/26/02623,ZTE-ONT ZXHN-F672Y (DUAL BAND)
ZTEGDC4AB6AB,ont zte,DN/TRF-EMR/26/02623,ZTE-ONT ZXHN-F672Y (DUAL BAND)
ZTEGD91EEBC8,ont zte,DN/TRF-EMR/26/02623,ZTE-ONT ZXHN-F672Y (DUAL BAND)/D
ZTEGDC4ACC84,ont zte,DN/TRF-EMR/26/02623,ZTE-ONT ZXHN-F672Y (DUAL BAND)/D
ZTEGD91EEAAD,ont zte,DN/TRF-EMR/26/02623,ZTE-ONT ZXHN-F672Y (DUAL BAND)/D
ZTEGD82A57F3,ont zte,DN/TRF-EMR/26/02623,ZTE-ONT ZXHN-F672Y (DUAL BAND)/D
ZTEGDC6C901E,ont zte,DN/TRF-EMR/26/02623,ZTE-ONT ZXHN-F672Y (DUAL BAND)/D
ZTEGD82A54F3,ont zte,DN/TRF-EMR/26/02623,ZTE-ONT ZXHN-F672Y (DUAL BAND)/D
ZTEGD913E2BC,ont zte,DN/TRF-EMR/26/02623,ZTE-ONT ZXHN-F672Y (DUAL BAND)/D
ZTEGD82A39E6,ont zte,DN/TRF-EMR/26/02623,ZTE-ONT ZXHN-F672Y (DUAL BAND)/D
ZTEGDB1F8B6F,ont zte,DN/TRF-EMR/26/02623,ZTE-ONT ZXHN-F672Y (DUAL BAND)/D
ZTEGDC7292EC,ont zte,DN/TRF-EMR/26/02623,ZTE-ONT ZXHN-F672Y (DUAL BAND)/D
ZTEGD82A6899,ont zte,DN/TRF-EMR/26/02623,ZTE-ONT ZXHN-F672Y (DUAL BAND)/D
ZTEGD82A6DBA,ont zte,DN/TRF-EMR/26/02623,ZTE-ONT ZXHN-F672Y (DUAL BAND)/D
ZTEGD82A774D,ont zte,DN/TRF-EMR/26/02623,ZTE-ONT ZXHN-F672Y (DUAL BAND)/D
ZTEGD91EEBC0,ont zte,DN/TRF-EMR/26/02623,ZTE-ONT ZXHN-F672Y (DUAL BAND)/D
ZTEGDACAC853,ont zte,DN/TRF-EMR/26/02623,ZTE-ONT ZXHN-F672Y (DUAL BAND)/D
ZTEGD82A66A6,ont zte,DN/TRF-EMR/26/02623,ZTE-ONT ZXHN-F672Y (DUAL BAND)/D
ZTEGD913CDA1,ont zte,DN/TRF-EMR/26/02623,ZTE-ONT ZXHN-F672Y (DUAL BAND)/D
ZTEGD82A4271,ont zte,DN/TRF-EMR/26/02623,ZTE-ONT ZXHN-F672Y (DUAL BAND)/D
ZTEGD82A6EA3,ont zte,DN/TRF-EMR/26/02623,ZTE-ONT ZXHN-F672Y (DUAL BAND)/D
ZTEGD82A3EE3,ont zte,DN/TRF-EMR/26/02623,ZTE-ONT ZXHN-F672Y (DUAL BAND)/D
48575443B46E4FB6,ont huawey,DN/TRF-EMR/26/02623,HUAWEI-ONT HG8145V6 (DUAL BAND)
48575443B497C5B6,ont huawey,DN/TRF-EMR/26/02623,HUAWEI-ONT HG8145V6 (DUAL BAND)
48575443B46DA9B6,ont huawey,DN/TRF-EMR/26/02623,HUAWEI-ONT HG8145V6 (DUAL BAND)
48575443B47D9AB6,ont huawey,DN/TRF-EMR/26/02623,HUAWEI-ONT HG8145V6 (DUAL BAND)
48575443B46BF1B6,ont huawey,DN/TRF-EMR/26/02623,HUAWEI-ONT HG8145V6 (DUAL BAND)
48575443B481A6B6,ont huawey,DN/TRF-EMR/26/02623,HUAWEI-ONT HG8145V6 (DUAL BAND)
48575443B484E9B6,ont huawey,DN/TRF-EMR/26/02623,HUAWEI-ONT HG8145V6 (DUAL BAND)
48575443B48C9AB6,ont huawey,DN/TRF-EMR/26/02623,HUAWEI-ONT HG8145V6 (DUAL BAND)
48575443B46D83B6,ont huawey,DN/TRF-EMR/26/02623,HUAWEI-ONT HG8145V6 (DUAL BAND)
48575443B499F1B6,ont huawey,DN/TRF-EMR/26/02623,HUAWEI-ONT HG8145V6 (DUAL BAND)
48575443B4661EB6,ont huawey,DN/TRF-EMR/26/02623,HUAWEI-ONT HG8145V6 (DUAL BAND)
48575443B46CA3B6,ont huawey,DN/TRF-EMR/26/02623,HUAWEI-ONT HG8145V6 (DUAL BAND)
48575443B46D98B6,ont huawey,DN/TRF-EMR/26/02623,HUAWEI-ONT HG8145V6 (DUAL BAND)
48575443B46CD5B6,ont huawey,DN/TRF-EMR/26/02623,HUAWEI-ONT HG8145V6 (DUAL BAND)
48575443B49334B6,ont huawey,DN/TRF-EMR/26/02623,HUAWEI-ONT HG8145V6 (DUAL BAND)
48575443B47B36B6,ont huawey,DN/TRF-EMR/26/02623,HUAWEI-ONT HG8145V6 (DUAL BAND)
48575443B478BFB6,ont huawey,DN/TRF-EMR/26/02623,HUAWEI-ONT HG8145V6 (DUAL BAND)
48575443B49B96B6,ont huawey,DN/TRF-EMR/26/02623,HUAWEI-ONT HG8145V6 (DUAL BAND)
48575443B484A7B6,ont huawey,DN/TRF-EMR/26/02623,HUAWEI-ONT HG8145V6 (DUAL BAND)
48575443B46A06B6,ont huawey,DN/TRF-EMR/26/02623,HUAWEI-ONT HG8145V6 (DUAL BAND)
4857544368A7CCAE,ont huawey,DN/TRF-EMR/26/02623,HUAWEI-ONT HG8145V6 (DUAL BAND)/D
485754434C11BDAA,ont huawey,DN/TRF-EMR/26/02623,HUAWEI-ONT HG8145V6 (DUAL BAND)/D
48575443550E11AB,ont huawey,DN/TRF-EMR/26/02623,HUAWEI-ONT HG8145V6 (DUAL BAND)/D
48575443EB3622B0,ont huawey,DN/TRF-EMR/26/02623,HUAWEI-ONT HG8145V6 (DUAL BAND)/D
48575443A30A31AA,ont huawey,DN/TRF-EMR/26/02623,HUAWEI-ONT HG8145V6 (DUAL BAND)/D
48575443516153AA,ont huawey,DN/TRF-EMR/26/02623,HUAWEI-ONT HG8145V6 (DUAL BAND)/D
485754438D6825AF,ont huawey,DN/TRF-EMR/26/02623,HUAWEI-ONT HG8145V6 (DUAL BAND)/D
485754433C1A94B1,ont huawey,DN/TRF-EMR/26/02623,HUAWEI-ONT HG8145V6 (DUAL BAND)/D
48575443870EDEA7,ont huawey,DN/TRF-EMR/26/02623,HUAWEI-ONT HG8145V6 (DUAL BAND)/D
4857544381D165A7,ont huawey,DN/TRF-EMR/26/02623,HUAWEI-ONT HG8145V6 (DUAL BAND)/D
Z5193606230003096,stb zte,DN/TRF-OMI/26/00573,STB-ZTE-ZXV10 (ATV OXYGEN)
Z5193606230002287,stb zte,DN/TRF-OMI/26/00573,STB-ZTE-ZXV10 (ATV OXYGEN)
Z5193606230002527,stb zte,DN/TRF-OMI/26/00573,STB-ZTE-ZXV10 (ATV OXYGEN)
Z5193606230001666,stb zte,DN/TRF-OMI/26/00573,STB-ZTE-ZXV10 (ATV OXYGEN)
Z5193606230002762,stb zte,DN/TRF-OMI/26/00573,STB-ZTE-ZXV10 (ATV OXYGEN)
Z5193606230007123,stb zte,DN/TRF-OMI/26/00573,STB-ZTE-ZXV10 (ATV OXYGEN)
Z5193606230005190,stb zte,DN/TRF-OMI/26/00573,STB-ZTE-ZXV10 (ATV OXYGEN)
Z5193606230001863,stb zte,DN/TRF-OMI/26/00573,STB-ZTE-ZXV10 (ATV OXYGEN)
Z5193606230006151,stb zte,DN/TRF-OMI/26/00573,STB-ZTE-ZXV10 (ATV OXYGEN)
Z5193606230001443,stb zte,DN/TRF-OMI/26/00573,STB-ZTE-ZXV10 (ATV OXYGEN)
Z5193606230001960,stb zte,DN/TRF-OMI/26/00573,STB-ZTE-ZXV10 (ATV OXYGEN)
Z5193606230003004,stb zte,DN/TRF-OMI/26/00573,STB-ZTE-ZXV10 (ATV OXYGEN)
Z5193606230006726,stb zte,DN/TRF-OMI/26/00573,STB-ZTE-ZXV10 (ATV OXYGEN)
Z5193606230006996,stb zte,DN/TRF-OMI/26/00573,STB-ZTE-ZXV10 (ATV OXYGEN)
Z5193606230003389,stb zte,DN/TRF-OMI/26/00573,STB-ZTE-ZXV10 (ATV OXYGEN)
Z5193606230002876,stb zte,DN/TRF-OMI/26/00573,STB-ZTE-ZXV10 (ATV OXYGEN)
Z5193606230001520,stb zte,DN/TRF-OMI/26/00573,STB-ZTE-ZXV10 (ATV OXYGEN)
Z5193606230001790,stb zte,DN/TRF-OMI/26/00573,STB-ZTE-ZXV10 (ATV OXYGEN)
Z5193606230001929,stb zte,DN/TRF-OMI/26/00573,STB-ZTE-ZXV10 (ATV OXYGEN)
Z5193606230002501,stb zte,DN/TRF-OMI/26/00573,STB-ZTE-ZXV10 (ATV OXYGEN)
ZCBCGHC05568,stb fiberhome,DN/TRF-OMI/26/00535,STB-FIBER HOME-HG680-P-2GB RAM (AOSP OXYGEN)/D
ZCBCGG301087,stb fiberhome,DN/TRF-OMI/26/00535,STB-FIBER HOME-HG680-P-2GB RAM (AOSP OXYGEN)/D
ZCBCGHC05456,stb fiberhome,DN/TRF-OMI/26/00535,STB-FIBER HOME-HG680-P-2GB RAM (AOSP OXYGEN)/D
ZCBCGG600569,stb fiberhome,DN/TRF-OMI/26/00535,STB-FIBER HOME-HG680-P-2GB RAM (AOSP OXYGEN)/D
ZCBCGHC03327,stb fiberhome,DN/TRF-OMI/26/00535,STB-FIBER HOME-HG680-P-2GB RAM (AOSP OXYGEN)/D
ZCBCGG303813,stb fiberhome,DN/TRF-OMI/26/00535,STB-FIBER HOME-HG680-P-2GB RAM (AOSP OXYGEN)/D
ZCBCGHC03775,stb fiberhome,DN/TRF-OMI/26/00535,STB-FIBER HOME-HG680-P-2GB RAM (AOSP OXYGEN)/D
ZCBCGG401412,stb fiberhome,DN/TRF-OMI/26/00535,STB-FIBER HOME-HG680-P-2GB RAM (AOSP OXYGEN)/D
ZCBCGHC00855,stb fiberhome,DN/TRF-OMI/26/00535,STB-FIBER HOME-HG680-P-2GB RAM (AOSP OXYGEN)/D
ZCBCGHC02888,stb fiberhome,DN/TRF-OMI/26/00535,STB-FIBER HOME-HG680-P-2GB RAM (AOSP OXYGEN)/D
GZ21070334207702,stb transvision,DN/TRF-OMI/26/00481,STB-XTREAM(ATV-TRANSVISION)/D
GZ21070334200360,stb transvision,DN/TRF-OMI/26/00481,STB-XTREAM(ATV-TRANSVISION)/D
GZ20120070806780,stb transvision,DN/TRF-OMI/26/00481,STB-XTREAM(ATV-TRANSVISION)/D
GZ21070334200469,stb transvision,DN/TRF-OMI/26/00481,STB-XTREAM(ATV-TRANSVISION)/D
GZ21070334200245,stb transvision,DN/TRF-OMI/26/00481,STB-XTREAM(ATV-TRANSVISION)/D
GZ21070334201889,stb transvision,DN/TRF-OMI/26/00481,STB-XTREAM(ATV-TRANSVISION)/D
GZ20120070808865,stb transvision,DN/TRF-OMI/26/00481,STB-XTREAM(ATV-TRANSVISION)/D
GZ21110330402046,stb transvision,DN/TRF-OMI/26/00481,STB-XTREAM(ATV-TRANSVISION)/D
GZ21070334207129,stb transvision,DN/TRF-OMI/26/00481,STB-XTREAM(ATV-TRANSVISION)/D
GZ21070334203016,stb transvision,DN/TRF-OMI/26/00481,STB-XTREAM(ATV-TRANSVISION)/D
Z5193606230001335,stb zte,DN/TRF-OMI/26/00481,STB-ZTE-ZXV10 (ATV OXYGEN)/D
Z5193606230001391,stb zte,DN/TRF-OMI/26/00481,STB-ZTE-ZXV10 (ATV OXYGEN)/D
Z5193606230003977,stb zte,DN/TRF-OMI/26/00481,STB-ZTE-ZXV10 (ATV OXYGEN)/D
Z5193606230007073,stb zte,DN/TRF-OMI/26/00481,STB-ZTE-ZXV10 (ATV OXYGEN)/D
Z5193606230004361,stb zte,DN/TRF-OMI/26/00481,STB-ZTE-ZXV10 (ATV OXYGEN)/D
Z5193606230004044,stb zte,DN/TRF-OMI/26/00481,STB-ZTE-ZXV10 (ATV OXYGEN)/D
Z5193606230001570,stb zte,DN/TRF-OMI/26/00481,STB-ZTE-ZXV10 (ATV OXYGEN)/D
Z5193606230001295,stb zte,DN/TRF-OMI/26/00481,STB-ZTE-ZXV10 (ATV OXYGEN)/D
Z5193606230006152,stb zte,DN/TRF-OMI/26/00481,STB-ZTE-ZXV10 (ATV OXYGEN)/D
Z5193606230001977,stb zte,DN/TRF-OMI/26/00481,STB-ZTE-ZXV10 (ATV OXYGEN)/D
ZTEGDACAC957,ont zte,DN/TRF-EMR/26/00776,ZTE-ONT ZXHN-F672Y (DUAL BAND)/D
ZTEGDACAD65E,ont zte,DN/TRF-EMR/26/00776,ZTE-ONT ZXHN-F672Y (DUAL BAND)/D
ZTEGD82A66D6,ont zte,DN/TRF-EMR/26/00776,ZTE-ONT ZXHN-F672Y (DUAL BAND)/D
ZTEGD913EAC8,ont zte,DN/TRF-EMR/26/00776,ZTE-ONT ZXHN-F672Y (DUAL BAND)/D
ZTEGD82A5382,ont zte,DN/TRF-EMR/26/00776,ZTE-ONT ZXHN-F672Y (DUAL BAND)/D
ZTEGD82A4943,ont zte,DN/TRF-EMR/26/00776,ZTE-ONT ZXHN-F672Y (DUAL BAND)/D
ZTEGD913CB63,ont zte,DN/TRF-EMR/26/00776,ZTE-ONT ZXHN-F672Y (DUAL BAND)/D
ZTEGD913DF31,ont zte,DN/TRF-EMR/26/00776,ZTE-ONT ZXHN-F672Y (DUAL BAND)/D
ZTEGDB144CDC,ont zte,DN/TRF-EMR/26/00776,ZTE-ONT ZXHN-F672Y (DUAL BAND)/D
ZTEGDACAD3FD,ont zte,DN/TRF-EMR/26/00776,ZTE-ONT ZXHN-F672Y (DUAL BAND)/D
ZTEGDACACB56,ont zte,DN/TRF-EMR/26/00776,ZTE-ONT ZXHN-F672Y (DUAL BAND)/D
ZTEGD913C5DC,ont zte,DN/TRF-EMR/26/00776,ZTE-ONT ZXHN-F672Y (DUAL BAND)/D
ZTEGD913C5E6,ont zte,DN/TRF-EMR/26/00776,ZTE-ONT ZXHN-F672Y (DUAL BAND)/D
ZTEGD913CBCF,ont zte,DN/TRF-EMR/26/00776,ZTE-ONT ZXHN-F672Y (DUAL BAND)/D
ZTEGD91406B9,ont zte,DN/TRF-EMR/26/00776,ZTE-ONT ZXHN-F672Y (DUAL BAND)/D
ZTEGD913CE0A,ont zte,DN/TRF-EMR/26/00776,ZTE-ONT ZXHN-F672Y (DUAL BAND)/D
ZTEGD9140631,ont zte,DN/TRF-EMR/26/00776,ZTE-ONT ZXHN-F672Y (DUAL BAND)/D
ZTEGDC6C93B0,ont zte,DN/TRF-EMR/26/00776,ZTE-ONT ZXHN-F672Y (DUAL BAND)/D
ZTEGD82A537E,ont zte,DN/TRF-EMR/26/00776,ZTE-ONT ZXHN-F672Y (DUAL BAND)/D
ZTEGD82A5B0D,ont zte,DN/TRF-EMR/26/00776,ZTE-ONT ZXHN-F672Y (DUAL BAND)/D
ZTEGD91EED52,ont zte,DN/TRF-EMR/26/00776,ZTE-ONT ZXHN-F672Y (DUAL BAND)/D
ZTEGDB1465B8,ont zte,DN/TRF-EMR/26/00776,ZTE-ONT ZXHN-F672Y (DUAL BAND)/D
ZTEGDB14600E,ont zte,DN/TRF-EMR/26/00776,ZTE-ONT ZXHN-F672Y (DUAL BAND)/D
ZTEGD82A6B4F,ont zte,DN/TRF-EMR/26/00776,ZTE-ONT ZXHN-F672Y (DUAL BAND)/D
ZTEGDACAD3CF,ont zte,DN/TRF-EMR/26/00776,ZTE-ONT ZXHN-F672Y (DUAL BAND)/D
ZTEGD91EEBEE,ont zte,DN/TRF-EMR/26/00776,ZTE-ONT ZXHN-F672Y (DUAL BAND)/D
ZTEGD82A6E32,ont zte,DN/TRF-EMR/26/00776,ZTE-ONT ZXHN-F672Y (DUAL BAND)/D
ZTEGD82A671F,ont zte,DN/TRF-EMR/26/00776,ZTE-ONT ZXHN-F672Y (DUAL BAND)/D
ZTEGDC4AB41C,ont zte,DN/TRF-EMR/26/00776,ZTE-ONT ZXHN-F672Y (DUAL BAND)/D
ZTEGD82A3A30,ont zte,DN/TRF-EMR/26/00776,ZTE-ONT ZXHN-F672Y (DUAL BAND)/D
ZTEGD82A633F,ont zte,DN/TRF-EMR/26/00776,ZTE-ONT ZXHN-F672Y (DUAL BAND)/D
ZTEGDB144862,ont zte,DN/TRF-EMR/26/00776,ZTE-ONT ZXHN-F672Y (DUAL BAND)/D
ZTEGD82A5335,ont zte,DN/TRF-EMR/26/00776,ZTE-ONT ZXHN-F672Y (DUAL BAND)/D
ZTEGD82A3AD1,ont zte,DN/TRF-EMR/26/00776,ZTE-ONT ZXHN-F672Y (DUAL BAND)/D
ZTEGDACAC7E8,ont zte,DN/TRF-EMR/26/00776,ZTE-ONT ZXHN-F672Y (DUAL BAND)/D
ZTEGD9140971,ont zte,DN/TRF-EMR/26/00776,ZTE-ONT ZXHN-F672Y (DUAL BAND)/D
ZTEGDC6C9563,ont zte,DN/TRF-EMR/26/00776,ZTE-ONT ZXHN-F672Y (DUAL BAND)/D
ZTEGDB1466E9,ont zte,DN/TRF-EMR/26/00776,ZTE-ONT ZXHN-F672Y (DUAL BAND)/D
ZTEGDACAD87B,ont zte,DN/TRF-EMR/26/00776,ZTE-ONT ZXHN-F672Y (DUAL BAND)/D
ZTEGDACAD52C,ont zte,DN/TRF-EMR/26/00776,ZTE-ONT ZXHN-F672Y (DUAL BAND)/D
ZTEGD82A411A,ont zte,DN/TRF-EMR/26/00776,ZTE-ONT ZXHN-F672Y (DUAL BAND)/D
ZTEGD82A5003,ont zte,DN/TRF-EMR/26/00776,ZTE-ONT ZXHN-F672Y (DUAL BAND)/D
ZTEGDB146448,ont zte,DN/TRF-EMR/26/00776,ZTE-ONT ZXHN-F672Y (DUAL BAND)/D
485754434F101BAF,ont huawey,DN/TRF-EMR/26/00776,HUAWEI-ONT HG8145V5 (DUAL BAND)/D
485754433C1F59B1,ont huawey,DN/TRF-EMR/26/00776,HUAWEI-ONT HG8145V5 (DUAL BAND)/D
48575443551BA6AB,ont huawey,DN/TRF-EMR/26/00776,HUAWEI-ONT HG8145V5 (DUAL BAND)/D
485754438D6887AF,ont huawey,DN/TRF-EMR/26/00776,HUAWEI-ONT HG8145V5 (DUAL BAND)/D
48575443516A82AA,ont huawey,DN/TRF-EMR/26/00776,HUAWEI-ONT HG8145V5 (DUAL BAND)/D
485754436448FDA7,ont huawey,DN/TRF-EMR/26/00776,HUAWEI-ONT HG8145V5 (DUAL BAND)/D
4857544320A86AAF,ont huawey,DN/TRF-EMR/26/00776,HUAWEI-ONT HG8145V5 (DUAL BAND)/D
4857544368A567AE,ont huawey,DN/TRF-EMR/26/00776,HUAWEI-ONT HG8145V5 (DUAL BAND)/D
4857544327EF69AA,ont huawey,DN/TRF-EMR/26/00776,HUAWEI-ONT HG8145V5 (DUAL BAND)/D
485754434C6E9DAD,ont huawey,DN/TRF-EMR/26/00776,HUAWEI-ONT HG8145V5 (DUAL BAND)/D
48575443862AC0AE,ont huawey,DN/TRF-EMR/26/00776,HUAWEI-ONT HG8145V5 (DUAL BAND)/D
485754439A55ACAF,ont huawey,DN/TRF-EMR/26/00776,HUAWEI-ONT HG8145V5 (DUAL BAND)/D
485754439A5A87AF,ont huawey,DN/TRF-EMR/26/00776,HUAWEI-ONT HG8145V5 (DUAL BAND)/D
4857544381D9D7A7,ont huawey,DN/TRF-EMR/26/00776,HUAWEI-ONT HG8145V5 (DUAL BAND)/D
4857544320E5A4AF,ont huawey,DN/TRF-EMR/26/00776,HUAWEI-ONT HG8145V5 (DUAL BAND)/D
48575443862CD9AE,ont huawey,DN/TRF-EMR/26/00776,HUAWEI-ONT HG8145V5 (DUAL BAND)/D
48575443216BA2AA,ont huawey,DN/TRF-EMR/26/00776,HUAWEI-ONT HG8145V5 (DUAL BAND)/D
485754434C74C2AD,ont huawey,DN/TRF-EMR/26/00776,HUAWEI-ONT HG8145V5 (DUAL BAND)/D
4857544386270DAE,ont huawey,DN/TRF-EMR/26/00776,HUAWEI-ONT HG8145V5 (DUAL BAND)/D
4857544381D7FBA7,ont huawey,DN/TRF-EMR/26/00776,HUAWEI-ONT HG8145V5 (DUAL BAND)/D
ZTEGDD2B2AE1,ont zte,DN/TRF-EMR/26/00776,ZTE-ONT ZXHN-F672Y (DUAL BAND)
ZTEGDD2B2A44,ont zte,DN/TRF-EMR/26/00776,ZTE-ONT ZXHN-F672Y (DUAL BAND)
ZTEGDD2B2A4A,ont zte,DN/TRF-EMR/26/00776,ZTE-ONT ZXHN-F672Y (DUAL BAND)
ZTEGDD2B2B0A,ont zte,DN/TRF-EMR/26/00776,ZTE-ONT ZXHN-F672Y (DUAL BAND)
ZTEGDD2B2A5D,ont zte,DN/TRF-EMR/26/00776,ZTE-ONT ZXHN-F672Y (DUAL BAND)
ZTEGDD2B2B8E,ont zte,DN/TRF-EMR/26/00776,ZTE-ONT ZXHN-F672Y (DUAL BAND)
ZTEGDD2B2A22,ont zte,DN/TRF-EMR/26/00776,ZTE-ONT ZXHN-F672Y (DUAL BAND)
ZTEGDD2B2A50,ont zte,DN/TRF-EMR/26/00776,ZTE-ONT ZXHN-F672Y (DUAL BAND)
ZTEGDD2B2A83,ont zte,DN/TRF-EMR/26/00776,ZTE-ONT ZXHN-F672Y (DUAL BAND)
ZTEGDD2B2A49,ont zte,DN/TRF-EMR/26/00776,ZTE-ONT ZXHN-F672Y (DUAL BAND)
ZTEGDD2B2BD1,ont zte,DN/TRF-EMR/26/00776,ZTE-ONT ZXHN-F672Y (DUAL BAND)
ZTEGDD2B2A7A,ont zte,DN/TRF-EMR/26/00776,ZTE-ONT ZXHN-F672Y (DUAL BAND)
ZTEGDD2B2A56,ont zte,DN/TRF-EMR/26/00776,ZTE-ONT ZXHN-F672Y (DUAL BAND)
ZTEGDD2B2A17,ont zte,DN/TRF-EMR/26/00776,ZTE-ONT ZXHN-F672Y (DUAL BAND)
ZTEGDD2B2AEC,ont zte,DN/TRF-EMR/26/00776,ZTE-ONT ZXHN-F672Y (DUAL BAND)
ZTEGDD2B2A1F,ont zte,DN/TRF-EMR/26/00776,ZTE-ONT ZXHN-F672Y (DUAL BAND)
ZTEGDD2AFFA3,ont zte,DN/TRF-EMR/26/00776,ZTE-ONT ZXHN-F672Y (DUAL BAND)
ZTEGDD2B2A53,ont zte,DN/TRF-EMR/26/00776,ZTE-ONT ZXHN-F672Y (DUAL BAND)
ZTEGDD2B2AED,ont zte,DN/TRF-EMR/26/00776,ZTE-ONT ZXHN-F672Y (DUAL BAND)
ZTEGDD2B2A4B,ont zte,DN/TRF-EMR/26/00776,ZTE-ONT ZXHN-F672Y (DUAL BAND)
ZTEGDD2AFC44,ont zte,DN/TRF-EMR/26/00776,ZTE-ONT ZXHN-F672Y (DUAL BAND)
ZTEGDD2B1509,ont zte,DN/TRF-EMR/26/00776,ZTE-ONT ZXHN-F672Y (DUAL BAND)
ZTEGDD2B152E,ont zte,DN/TRF-EMR/26/00776,ZTE-ONT ZXHN-F672Y (DUAL BAND)
ZTEGDD2B151A,ont zte,DN/TRF-EMR/26/00776,ZTE-ONT ZXHN-F672Y (DUAL BAND)
ZTEGDD2B1512,ont zte,DN/TRF-EMR/26/00776,ZTE-ONT ZXHN-F672Y (DUAL BAND)
ZTEGDD2B1540,ont zte,DN/TRF-EMR/26/00776,ZTE-ONT ZXHN-F672Y (DUAL BAND)
ZTEGDD2AFC43,ont zte,DN/TRF-EMR/26/00776,ZTE-ONT ZXHN-F672Y (DUAL BAND)
ZTEGDD2B150D,ont zte,DN/TRF-EMR/26/00776,ZTE-ONT ZXHN-F672Y (DUAL BAND)
ZTEGDD2B152D,ont zte,DN/TRF-EMR/26/00776,ZTE-ONT ZXHN-F672Y (DUAL BAND)
ZTEGDD2B153B,ont zte,DN/TRF-EMR/26/00776,ZTE-ONT ZXHN-F672Y (DUAL BAND)
ZTEGDD2B1526,ont zte,DN/TRF-EMR/26/00776,ZTE-ONT ZXHN-F672Y (DUAL BAND)
ZTEGDD2B1530,ont zte,DN/TRF-EMR/26/00776,ZTE-ONT ZXHN-F672Y (DUAL BAND)
ZTEGDD2B15C8,ont zte,DN/TRF-EMR/26/00776,ZTE-ONT ZXHN-F672Y (DUAL BAND)
ZTEGDD2B1544,ont zte,DN/TRF-EMR/26/00776,ZTE-ONT ZXHN-F672Y (DUAL BAND)
ZTEGDD2B151E,ont zte,DN/TRF-EMR/26/00776,ZTE-ONT ZXHN-F672Y (DUAL BAND)
ZTEGDD2B151D,ont zte,DN/TRF-EMR/26/00776,ZTE-ONT ZXHN-F672Y (DUAL BAND)
ZTEGDD2B1691,ont zte,DN/TRF-EMR/26/00776,ZTE-ONT ZXHN-F672Y (DUAL BAND)
ZTEGDD2B170F,ont zte,DN/TRF-EMR/26/00776,ZTE-ONT ZXHN-F672Y (DUAL BAND)
ZTEGDD2B1688,ont zte,DN/TRF-EMR/26/00776,ZTE-ONT ZXHN-F672Y (DUAL BAND)
ZTEGDD2B1697,ont zte,DN/TRF-EMR/26/00776,ZTE-ONT ZXHN-F672Y (DUAL BAND)
ZTEGDD2AFE44,ont zte,DN/TRF-EMR/26/00776,ZTE-ONT ZXHN-F672Y (DUAL BAND)
ZTEGDD2AFE22,ont zte,DN/TRF-EMR/26/00776,ZTE-ONT ZXHN-F672Y (DUAL BAND)
ZTEGDD2AFE51,ont zte,DN/TRF-EMR/26/00776,ZTE-ONT ZXHN-F672Y (DUAL BAND)
ZTEGDD2AFE89,ont zte,DN/TRF-EMR/26/00776,ZTE-ONT ZXHN-F672Y (DUAL BAND)
ZTEGDD2AFEF7,ont zte,DN/TRF-EMR/26/00776,ZTE-ONT ZXHN-F672Y (DUAL BAND)
ZTEGDD2AFFB1,ont zte,DN/TRF-EMR/26/00776,ZTE-ONT ZXHN-F672Y (DUAL BAND)
ZTEGDD2AFE8C,ont zte,DN/TRF-EMR/26/00776,ZTE-ONT ZXHN-F672Y (DUAL BAND)
ZTEGDD2AFE6E,ont zte,DN/TRF-EMR/26/00776,ZTE-ONT ZXHN-F672Y (DUAL BAND)
ZTEGDD2AFE9C,ont zte,DN/TRF-EMR/26/00776,ZTE-ONT ZXHN-F672Y (DUAL BAND)
ZTEGDD2AFE70,ont zte,DN/TRF-EMR/26/00776,ZTE-ONT ZXHN-F672Y (DUAL BAND)
ZTEGDD2AFEAF,ont zte,DN/TRF-EMR/26/00776,ZTE-ONT ZXHN-F672Y (DUAL BAND)
ZTEGDD2AFE0D,ont zte,DN/TRF-EMR/26/00776,ZTE-ONT ZXHN-F672Y (DUAL BAND)
ZTEGDD2AFE15,ont zte,DN/TRF-EMR/26/00776,ZTE-ONT ZXHN-F672Y (DUAL BAND)
ZTEGDD2AFE2C,ont zte,DN/TRF-EMR/26/00776,ZTE-ONT ZXHN-F672Y (DUAL BAND)
ZTEGDD2AFE2A,ont zte,DN/TRF-EMR/26/00776,ZTE-ONT ZXHN-F672Y (DUAL BAND)
ZTEGDD2AFEB9,ont zte,DN/TRF-EMR/26/00776,ZTE-ONT ZXHN-F672Y (DUAL BAND)
ZTEGDD2AFE06,ont zte,DN/TRF-EMR/26/00776,ZTE-ONT ZXHN-F672Y (DUAL BAND)
ZTEGDD2AFE04,ont zte,DN/TRF-EMR/26/00776,ZTE-ONT ZXHN-F672Y (DUAL BAND)
ZTEGDD2AF853,ont zte,DN/TRF-EMR/26/00776,ZTE-ONT ZXHN-F672Y (DUAL BAND)
ZTEGDD2AFDF8,ont zte,DN/TRF-EMR/26/00776,ZTE-ONT ZXHN-F672Y (DUAL BAND)
ZTEGDB1F7543,ont zte,DN/TRF-EMR/26/00776,ZTE-ONT ZXHN-F672Y (DUAL BAND)
ZTEGDB1F76D4,ont zte,DN/TRF-EMR/26/00776,ZTE-ONT ZXHN-F672Y (DUAL BAND)
ZTEGDB1F7502,ont zte,DN/TRF-EMR/26/00776,ZTE-ONT ZXHN-F672Y (DUAL BAND)
ZTEGDB1F74FD,ont zte,DN/TRF-EMR/26/00776,ZTE-ONT ZXHN-F672Y (DUAL BAND)
ZTEGDB1F74CE,ont zte,DN/TRF-EMR/26/00776,ZTE-ONT ZXHN-F672Y (DUAL BAND)
ZTEGDB1F750D,ont zte,DN/TRF-EMR/26/00776,ZTE-ONT ZXHN-F672Y (DUAL BAND)
ZTEGDB1F74E4,ont zte,DN/TRF-EMR/26/00776,ZTE-ONT ZXHN-F672Y (DUAL BAND)
ZTEGDB1F74E8,ont zte,DN/TRF-EMR/26/00776,ZTE-ONT ZXHN-F672Y (DUAL BAND)
ZTEGDB1F74E9,ont zte,DN/TRF-EMR/26/00776,ZTE-ONT ZXHN-F672Y (DUAL BAND)
ZTEGDB1F74E7,ont zte,DN/TRF-EMR/26/00776,ZTE-ONT ZXHN-F672Y (DUAL BAND)
ZTEGDB1F753C,ont zte,DN/TRF-EMR/26/00776,ZTE-ONT ZXHN-F672Y (DUAL BAND)
ZTEGDB1F7614,ont zte,DN/TRF-EMR/26/00776,ZTE-ONT ZXHN-F672Y (DUAL BAND)
ZTEGDB1F7523,ont zte,DN/TRF-EMR/26/00776,ZTE-ONT ZXHN-F672Y (DUAL BAND)
ZTEGDB1F7504,ont zte,DN/TRF-EMR/26/00776,ZTE-ONT ZXHN-F672Y (DUAL BAND)
ZTEGDB1F78B8,ont zte,DN/TRF-EMR/26/00776,ZTE-ONT ZXHN-F672Y (DUAL BAND)
ZTEGDB1F753D,ont zte,DN/TRF-EMR/26/00776,ZTE-ONT ZXHN-F672Y (DUAL BAND)
ZTEGDB1F752E,ont zte,DN/TRF-EMR/26/00776,ZTE-ONT ZXHN-F672Y (DUAL BAND)
ZTEGDB1F7666,ont zte,DN/TRF-EMR/26/00776,ZTE-ONT ZXHN-F672Y (DUAL BAND)
ZTEGDB1F7612,ont zte,DN/TRF-EMR/26/00776,ZTE-ONT ZXHN-F672Y (DUAL BAND)
ZTEGDB1F7558,ont zte,DN/TRF-EMR/26/00776,ZTE-ONT ZXHN-F672Y (DUAL BAND)
485754431CAE49B8,ont huawey,DN/TRF-EMR/26/00776,HUAWEI-ONT HG8145V6 (DUAL BAND)
485754431CACF1B8,ont huawey,DN/TRF-EMR/26/00776,HUAWEI-ONT HG8145V6 (DUAL BAND)
485754431CA9D5B8,ont huawey,DN/TRF-EMR/26/00776,HUAWEI-ONT HG8145V6 (DUAL BAND)
485754431CA9C3B8,ont huawey,DN/TRF-EMR/26/00776,HUAWEI-ONT HG8145V6 (DUAL BAND)
485754431CABC1B8,ont huawey,DN/TRF-EMR/26/00776,HUAWEI-ONT HG8145V6 (DUAL BAND)
485754431CAD46B8,ont huawey,DN/TRF-EMR/26/00776,HUAWEI-ONT HG8145V6 (DUAL BAND)
485754431CADE4B8,ont huawey,DN/TRF-EMR/26/00776,HUAWEI-ONT HG8145V6 (DUAL BAND)
485754431CA9A3B8,ont huawey,DN/TRF-EMR/26/00776,HUAWEI-ONT HG8145V6 (DUAL BAND)
485754431CABA6B8,ont huawey,DN/TRF-EMR/26/00776,HUAWEI-ONT HG8145V6 (DUAL BAND)
485754431CAB29B8,ont huawey,DN/TRF-EMR/26/00776,HUAWEI-ONT HG8145V6 (DUAL BAND)
485754431CAA31B8,ont huawey,DN/TRF-EMR/26/00776,HUAWEI-ONT HG8145V6 (DUAL BAND)
485754431CADC4B8,ont huawey,DN/TRF-EMR/26/00776,HUAWEI-ONT HG8145V6 (DUAL BAND)
485754431CAD26B8,ont huawey,DN/TRF-EMR/26/00776,HUAWEI-ONT HG8145V6 (DUAL BAND)
485754431CAB74B8,ont huawey,DN/TRF-EMR/26/00776,HUAWEI-ONT HG8145V6 (DUAL BAND)
485754431CADC2B8,ont huawey,DN/TRF-EMR/26/00776,HUAWEI-ONT HG8145V6 (DUAL BAND)
485754431CAB41B8,ont huawey,DN/TRF-EMR/26/00776,HUAWEI-ONT HG8145V6 (DUAL BAND)
485754431CAA5CB8,ont huawey,DN/TRF-EMR/26/00776,HUAWEI-ONT HG8145V6 (DUAL BAND)
485754431CADAAB8,ont huawey,DN/TRF-EMR/26/00776,HUAWEI-ONT HG8145V6 (DUAL BAND)
485754431CAB31B8,ont huawey,DN/TRF-EMR/26/00776,HUAWEI-ONT HG8145V6 (DUAL BAND)
485754431CAE9BB8,ont huawey,DN/TRF-EMR/26/00776,HUAWEI-ONT HG8145V6 (DUAL BAND)
ZTEGDD2AF89E,ont zte,DN/TRF-EMR/26/01705,ZTE-ONT ZXHN-F672Y (DUAL BAND)
ZTEGDD2AFE55,ont zte,DN/TRF-EMR/26/01705,ZTE-ONT ZXHN-F672Y (DUAL BAND)
ZTEGDD2AFE64,ont zte,DN/TRF-EMR/26/01705,ZTE-ONT ZXHN-F672Y (DUAL BAND)
ZTEGDD2AFE71,ont zte,DN/TRF-EMR/26/01705,ZTE-ONT ZXHN-F672Y (DUAL BAND)
ZTEGDD2AFEB1,ont zte,DN/TRF-EMR/26/01705,ZTE-ONT ZXHN-F672Y (DUAL BAND)
ZTEGDD2AFEC1,ont zte,DN/TRF-EMR/26/01705,ZTE-ONT ZXHN-F672Y (DUAL BAND)
ZTEGDD2AFF09,ont zte,DN/TRF-EMR/26/01705,ZTE-ONT ZXHN-F672Y (DUAL BAND)
ZTEGDD2AFF48,ont zte,DN/TRF-EMR/26/01705,ZTE-ONT ZXHN-F672Y (DUAL BAND)
ZTEGDD2B0109,ont zte,DN/TRF-EMR/26/01705,ZTE-ONT ZXHN-F672Y (DUAL BAND)
ZTEGDD2B0130,ont zte,DN/TRF-EMR/26/01705,ZTE-ONT ZXHN-F672Y (DUAL BAND)
ZTEGDD2AFE42,ont zte,DN/TRF-EMR/26/01705,ZTE-ONT ZXHN-F672Y (DUAL BAND)
ZTEGDD2AFE63,ont zte,DN/TRF-EMR/26/01705,ZTE-ONT ZXHN-F672Y (DUAL BAND)
ZTEGDD2AFE68,ont zte,DN/TRF-EMR/26/01705,ZTE-ONT ZXHN-F672Y (DUAL BAND)
ZTEGDD2AFE81,ont zte,DN/TRF-EMR/26/01705,ZTE-ONT ZXHN-F672Y (DUAL BAND)
ZTEGDD2AFEB5,ont zte,DN/TRF-EMR/26/01705,ZTE-ONT ZXHN-F672Y (DUAL BAND)
ZTEGDD2AFEE8,ont zte,DN/TRF-EMR/26/01705,ZTE-ONT ZXHN-F672Y (DUAL BAND)
ZTEGDD2AFF1D,ont zte,DN/TRF-EMR/26/01705,ZTE-ONT ZXHN-F672Y (DUAL BAND)
ZTEGDD2B00FF,ont zte,DN/TRF-EMR/26/01705,ZTE-ONT ZXHN-F672Y (DUAL BAND)
ZTEGDD2B010A,ont zte,DN/TRF-EMR/26/01705,ZTE-ONT ZXHN-F672Y (DUAL BAND)
ZTEGDD2B046D,ont zte,DN/TRF-EMR/26/01705,ZTE-ONT ZXHN-F672Y (DUAL BAND)
ZTEGDD2AFC28,ont zte,DN/TRF-EMR/26/01705,ZTE-ONT ZXHN-F672Y (DUAL BAND)
ZTEGDD2AFC71,ont zte,DN/TRF-EMR/26/01705,ZTE-ONT ZXHN-F672Y (DUAL BAND)
ZTEGDD2B1409,ont zte,DN/TRF-EMR/26/01705,ZTE-ONT ZXHN-F672Y (DUAL BAND)
ZTEGDD2B1415,ont zte,DN/TRF-EMR/26/01705,ZTE-ONT ZXHN-F672Y (DUAL BAND)
ZTEGDD2B141C,ont zte,DN/TRF-EMR/26/01705,ZTE-ONT ZXHN-F672Y (DUAL BAND)
ZTEGDD2B1421,ont zte,DN/TRF-EMR/26/01705,ZTE-ONT ZXHN-F672Y (DUAL BAND)
ZTEGDD2B143E,ont zte,DN/TRF-EMR/26/01705,ZTE-ONT ZXHN-F672Y (DUAL BAND)
ZTEGDD2B14C5,ont zte,DN/TRF-EMR/26/01705,ZTE-ONT ZXHN-F672Y (DUAL BAND)
ZTEGDD2B174F,ont zte,DN/TRF-EMR/26/01705,ZTE-ONT ZXHN-F672Y (DUAL BAND)
ZTEGDD2B17A6,ont zte,DN/TRF-EMR/26/01705,ZTE-ONT ZXHN-F672Y (DUAL BAND)
ZTEGDD2B17EC,ont zte,DN/TRF-EMR/26/01705,ZTE-ONT ZXHN-F672Y (DUAL BAND)
ZTEGDD2B179F,ont zte,DN/TRF-EMR/26/01705,ZTE-ONT ZXHN-F672Y (DUAL BAND)
ZTEGDD2B1712,ont zte,DN/TRF-EMR/26/01705,ZTE-ONT ZXHN-F672Y (DUAL BAND)
ZTEGDD2B145E,ont zte,DN/TRF-EMR/26/01705,ZTE-ONT ZXHN-F672Y (DUAL BAND)
ZTEGDD2B1422,ont zte,DN/TRF-EMR/26/01705,ZTE-ONT ZXHN-F672Y (DUAL BAND)
ZTEGDD2B141D,ont zte,DN/TRF-EMR/26/01705,ZTE-ONT ZXHN-F672Y (DUAL BAND)
ZTEGDD2B1417,ont zte,DN/TRF-EMR/26/01705,ZTE-ONT ZXHN-F672Y (DUAL BAND)
ZTEGDD2B1410,ont zte,DN/TRF-EMR/26/01705,ZTE-ONT ZXHN-F672Y (DUAL BAND)
ZTEGDD2B13FE,ont zte,DN/TRF-EMR/26/01705,ZTE-ONT ZXHN-F672Y (DUAL BAND)
ZTEGDD2AFC6B,ont zte,DN/TRF-EMR/26/01705,ZTE-ONT ZXHN-F672Y (DUAL BAND)
ZTEGDB1F74FF,ont zte,DN/TRF-EMR/26/01705,ZTE-ONT ZXHN-F672Y (DUAL BAND)
ZTEGDB1F7505,ont zte,DN/TRF-EMR/26/01705,ZTE-ONT ZXHN-F672Y (DUAL BAND)
ZTEGDB1F7506,ont zte,DN/TRF-EMR/26/01705,ZTE-ONT ZXHN-F672Y (DUAL BAND)
ZTEGDB1F7508,ont zte,DN/TRF-EMR/26/01705,ZTE-ONT ZXHN-F672Y (DUAL BAND)
ZTEGDB1F750A,ont zte,DN/TRF-EMR/26/01705,ZTE-ONT ZXHN-F672Y (DUAL BAND)
ZTEGDB1F7525,ont zte,DN/TRF-EMR/26/01705,ZTE-ONT ZXHN-F672Y (DUAL BAND)
ZTEGDB1F752C,ont zte,DN/TRF-EMR/26/01705,ZTE-ONT ZXHN-F672Y (DUAL BAND)
ZTEGDB1F754D,ont zte,DN/TRF-EMR/26/01705,ZTE-ONT ZXHN-F672Y (DUAL BAND)
ZTEGDB1F7565,ont zte,DN/TRF-EMR/26/01705,ZTE-ONT ZXHN-F672Y (DUAL BAND)
ZTEGDB1F757B,ont zte,DN/TRF-EMR/26/01705,ZTE-ONT ZXHN-F672Y (DUAL BAND)
ZTEGDB1F781B,ont zte,DN/TRF-EMR/26/01705,ZTE-ONT ZXHN-F672Y (DUAL BAND)
ZTEGDB1F777B,ont zte,DN/TRF-EMR/26/01705,ZTE-ONT ZXHN-F672Y (DUAL BAND)
ZTEGDB1F7773,ont zte,DN/TRF-EMR/26/01705,ZTE-ONT ZXHN-F672Y (DUAL BAND)
ZTEGDB1F7771,ont zte,DN/TRF-EMR/26/01705,ZTE-ONT ZXHN-F672Y (DUAL BAND)
ZTEGDB1F770A,ont zte,DN/TRF-EMR/26/01705,ZTE-ONT ZXHN-F672Y (DUAL BAND)
ZTEGDB1F76CF,ont zte,DN/TRF-EMR/26/01705,ZTE-ONT ZXHN-F672Y (DUAL BAND)
ZTEGDB1F76CE,ont zte,DN/TRF-EMR/26/01705,ZTE-ONT ZXHN-F672Y (DUAL BAND)
ZTEGDB1F7602,ont zte,DN/TRF-EMR/26/01705,ZTE-ONT ZXHN-F672Y (DUAL BAND)
ZTEGDB1F75EF,ont zte,DN/TRF-EMR/26/01705,ZTE-ONT ZXHN-F672Y (DUAL BAND)
ZTEGDB1F759E,ont zte,DN/TRF-EMR/26/01705,ZTE-ONT ZXHN-F672Y (DUAL BAND)
ZTEGDC4AB71D,ont zte,DN/TRF-EMR/26/01705,ZTE-ONT ZXHN-F672Y (DUAL BAND)
ZTEGDC4AB71F,ont zte,DN/TRF-EMR/26/01705,ZTE-ONT ZXHN-F672Y (DUAL BAND)
ZTEGDC4AB72A,ont zte,DN/TRF-EMR/26/01705,ZTE-ONT ZXHN-F672Y (DUAL BAND)
ZTEGDC4AB73C,ont zte,DN/TRF-EMR/26/01705,ZTE-ONT ZXHN-F672Y (DUAL BAND)
ZTEGDC4AB745,ont zte,DN/TRF-EMR/26/01705,ZTE-ONT ZXHN-F672Y (DUAL BAND)
ZTEGDC4AB75E,ont zte,DN/TRF-EMR/26/01705,ZTE-ONT ZXHN-F672Y (DUAL BAND)
ZTEGDC4AB7C3,ont zte,DN/TRF-EMR/26/01705,ZTE-ONT ZXHN-F672Y (DUAL BAND)
ZTEGDC4AB7C7,ont zte,DN/TRF-EMR/26/01705,ZTE-ONT ZXHN-F672Y (DUAL BAND)
ZTEGDC4AB7F4,ont zte,DN/TRF-EMR/26/01705,ZTE-ONT ZXHN-F672Y (DUAL BAND)
ZTEGDC4AB8CB,ont zte,DN/TRF-EMR/26/01705,ZTE-ONT ZXHN-F672Y (DUAL BAND)
ZTEGDC4AB86F,ont zte,DN/TRF-EMR/26/01705,ZTE-ONT ZXHN-F672Y (DUAL BAND)
ZTEGDC4AB7F2,ont zte,DN/TRF-EMR/26/01705,ZTE-ONT ZXHN-F672Y (DUAL BAND)
ZTEGDC4AB7C5,ont zte,DN/TRF-EMR/26/01705,ZTE-ONT ZXHN-F672Y (DUAL BAND)
ZTEGDC4AB767,ont zte,DN/TRF-EMR/26/01705,ZTE-ONT ZXHN-F672Y (DUAL BAND)
ZTEGDC4AB752,ont zte,DN/TRF-EMR/26/01705,ZTE-ONT ZXHN-F672Y (DUAL BAND)
ZTEGDC4AB73D,ont zte,DN/TRF-EMR/26/01705,ZTE-ONT ZXHN-F672Y (DUAL BAND)
ZTEGDC4AB72E,ont zte,DN/TRF-EMR/26/01705,ZTE-ONT ZXHN-F672Y (DUAL BAND)
ZTEGDC4AB720,ont zte,DN/TRF-EMR/26/01705,ZTE-ONT ZXHN-F672Y (DUAL BAND)
ZTEGDC4AB71E,ont zte,DN/TRF-EMR/26/01705,ZTE-ONT ZXHN-F672Y (DUAL BAND)
ZTEGDC4AB71B,ont zte,DN/TRF-EMR/26/01705,ZTE-ONT ZXHN-F672Y (DUAL BAND)
ZTEGDD2AFAE4,ont zte,DN/TRF-EMR/26/01705,ZTE-ONT ZXHN-F672Y (DUAL BAND)
ZTEGDD2AFAF5,ont zte,DN/TRF-EMR/26/01705,ZTE-ONT ZXHN-F672Y (DUAL BAND)
ZTEGDD2AFB2F,ont zte,DN/TRF-EMR/26/01705,ZTE-ONT ZXHN-F672Y (DUAL BAND)
ZTEGDD2B0F70,ont zte,DN/TRF-EMR/26/01705,ZTE-ONT ZXHN-F672Y (DUAL BAND)
ZTEGDD2B0F75,ont zte,DN/TRF-EMR/26/01705,ZTE-ONT ZXHN-F672Y (DUAL BAND)
ZTEGDD2B0F83,ont zte,DN/TRF-EMR/26/01705,ZTE-ONT ZXHN-F672Y (DUAL BAND)
ZTEGDD2B0F93,ont zte,DN/TRF-EMR/26/01705,ZTE-ONT ZXHN-F672Y (DUAL BAND)
ZTEGDD2B0FB5,ont zte,DN/TRF-EMR/26/01705,ZTE-ONT ZXHN-F672Y (DUAL BAND)
ZTEGDD2B1018,ont zte,DN/TRF-EMR/26/01705,ZTE-ONT ZXHN-F672Y (DUAL BAND)
ZTEGDD2B104C,ont zte,DN/TRF-EMR/26/01705,ZTE-ONT ZXHN-F672Y (DUAL BAND)
ZTEGDD2B1051,ont zte,DN/TRF-EMR/26/01705,ZTE-ONT ZXHN-F672Y (DUAL BAND)
ZTEGDD2B104B,ont zte,DN/TRF-EMR/26/01705,ZTE-ONT ZXHN-F672Y (DUAL BAND)
ZTEGDD2B0FE0,ont zte,DN/TRF-EMR/26/01705,ZTE-ONT ZXHN-F672Y (DUAL BAND)
ZTEGDD2B0F9C,ont zte,DN/TRF-EMR/26/01705,ZTE-ONT ZXHN-F672Y (DUAL BAND)
ZTEGDD2B0F8B,ont zte,DN/TRF-EMR/26/01705,ZTE-ONT ZXHN-F672Y (DUAL BAND)
ZTEGDD2B0F7E,ont zte,DN/TRF-EMR/26/01705,ZTE-ONT ZXHN-F672Y (DUAL BAND)
ZTEGDD2B0F71,ont zte,DN/TRF-EMR/26/01705,ZTE-ONT ZXHN-F672Y (DUAL BAND)
ZTEGDD2B0F6E,ont zte,DN/TRF-EMR/26/01705,ZTE-ONT ZXHN-F672Y (DUAL BAND)
ZTEGDD2AFB04,ont zte,DN/TRF-EMR/26/01705,ZTE-ONT ZXHN-F672Y (DUAL BAND)
48575443B49857B6,ont huawey,DN/TRF-EMR/26/01705,HUAWEI-ONT HG8145V6 (DUAL BAND)
48575443B48E4FB6,ont huawey,DN/TRF-EMR/26/01705,HUAWEI-ONT HG8145V6 (DUAL BAND)
48575443B49BEFB6,ont huawey,DN/TRF-EMR/26/01705,HUAWEI-ONT HG8145V6 (DUAL BAND)
48575443B48689B6,ont huawey,DN/TRF-EMR/26/01705,HUAWEI-ONT HG8145V6 (DUAL BAND)
48575443B4827EB6,ont huawey,DN/TRF-EMR/26/01705,HUAWEI-ONT HG8145V6 (DUAL BAND)
48575443B49416B6,ont huawey,DN/TRF-EMR/26/01705,HUAWEI-ONT HG8145V6 (DUAL BAND)
48575443B48BFCB6,ont huawey,DN/TRF-EMR/26/01705,HUAWEI-ONT HG8145V6 (DUAL BAND)
48575443B4908DB6,ont huawey,DN/TRF-EMR/26/01705,HUAWEI-ONT HG8145V6 (DUAL BAND)
48575443B47BA5B6,ont huawey,DN/TRF-EMR/26/01705,HUAWEI-ONT HG8145V6 (DUAL BAND)
48575443B488FEB6,ont huawey,DN/TRF-EMR/26/01705,HUAWEI-ONT HG8145V6 (DUAL BAND)
48575443B48BCAB6,ont huawey,DN/TRF-EMR/26/01705,HUAWEI-ONT HG8145V6 (DUAL BAND)
48575443B48654B6,ont huawey,DN/TRF-EMR/26/01705,HUAWEI-ONT HG8145V6 (DUAL BAND)
48575443B48F59B6,ont huawey,DN/TRF-EMR/26/01705,HUAWEI-ONT HG8145V6 (DUAL BAND)
48575443B47DE9B6,ont huawey,DN/TRF-EMR/26/01705,HUAWEI-ONT HG8145V6 (DUAL BAND)
48575443B48C68B6,ont huawey,DN/TRF-EMR/26/01705,HUAWEI-ONT HG8145V6 (DUAL BAND)
48575443B485BFB6,ont huawey,DN/TRF-EMR/26/01705,HUAWEI-ONT HG8145V6 (DUAL BAND)
48575443B4961FB6,ont huawey,DN/TRF-EMR/26/01705,HUAWEI-ONT HG8145V6 (DUAL BAND)
48575443B49989B6,ont huawey,DN/TRF-EMR/26/01705,HUAWEI-ONT HG8145V6 (DUAL BAND)
48575443B485B8B6,ont huawey,DN/TRF-EMR/26/01705,HUAWEI-ONT HG8145V6 (DUAL BAND)
48575443B496AAB6,ont huawey,DN/TRF-EMR/26/01705,HUAWEI-ONT HG8145V6 (DUAL BAND)
48575443B482C2B6,ont huawey,DN/TRF-EMR/26/01705,HUAWEI-ONT HG8145V6 (DUAL BAND)
48575443B480AAB6,ont huawey,DN/TRF-EMR/26/01705,HUAWEI-ONT HG8145V6 (DUAL BAND)
48575443B48AC5B6,ont huawey,DN/TRF-EMR/26/01705,HUAWEI-ONT HG8145V6 (DUAL BAND)
48575443B48500B6,ont huawey,DN/TRF-EMR/26/01705,HUAWEI-ONT HG8145V6 (DUAL BAND)
48575443B49641B6,ont huawey,DN/TRF-EMR/26/01705,HUAWEI-ONT HG8145V6 (DUAL BAND)
48575443B4898FB6,ont huawey,DN/TRF-EMR/26/01705,HUAWEI-ONT HG8145V6 (DUAL BAND)
48575443B49311B6,ont huawey,DN/TRF-EMR/26/01705,HUAWEI-ONT HG8145V6 (DUAL BAND)
48575443B48B32B6,ont huawey,DN/TRF-EMR/26/01705,HUAWEI-ONT HG8145V6 (DUAL BAND)
48575443B484EAB6,ont huawey,DN/TRF-EMR/26/01705,HUAWEI-ONT HG8145V6 (DUAL BAND)
48575443B497BFB6,ont huawey,DN/TRF-EMR/26/01705,HUAWEI-ONT HG8145V6 (DUAL BAND)
48575443B47DD9B6,ont huawey,DN/TRF-EMR/26/01705,HUAWEI-ONT HG8145V6 (DUAL BAND)
48575443B47AA0B6,ont huawey,DN/TRF-EMR/26/01705,HUAWEI-ONT HG8145V6 (DUAL BAND)
48575443B49A7FB6,ont huawey,DN/TRF-EMR/26/01705,HUAWEI-ONT HG8145V6 (DUAL BAND)
48575443B480F0B6,ont huawey,DN/TRF-EMR/26/01705,HUAWEI-ONT HG8145V6 (DUAL BAND)
48575443B48BE4B6,ont huawey,DN/TRF-EMR/26/01705,HUAWEI-ONT HG8145V6 (DUAL BAND)
48575443B480F7B6,ont huawey,DN/TRF-EMR/26/01705,HUAWEI-ONT HG8145V6 (DUAL BAND)
48575443B48EABB6,ont huawey,DN/TRF-EMR/26/01705,HUAWEI-ONT HG8145V6 (DUAL BAND)
48575443B47CA0B6,ont huawey,DN/TRF-EMR/26/01705,HUAWEI-ONT HG8145V6 (DUAL BAND)
48575443B49554B6,ont huawey,DN/TRF-EMR/26/01705,HUAWEI-ONT HG8145V6 (DUAL BAND)
48575443B49672B6,ont huawey,DN/TRF-EMR/26/01705,HUAWEI-ONT HG8145V6 (DUAL BAND)
ZTEGDD2AF860,ont zte,DN/TRF-EMR/26/03280,ZTE-ONT ZXHN-F672Y (DUAL BAND)
ZTEGDD2AFE92,ont zte,DN/TRF-EMR/26/03280,ZTE-ONT ZXHN-F672Y (DUAL BAND)
ZTEGDD2AFE99,ont zte,DN/TRF-EMR/26/03280,ZTE-ONT ZXHN-F672Y (DUAL BAND)
ZTEGDD2AFEA3,ont zte,DN/TRF-EMR/26/03280,ZTE-ONT ZXHN-F672Y (DUAL BAND)
ZTEGDD2AFEBC,ont zte,DN/TRF-EMR/26/03280,ZTE-ONT ZXHN-F672Y (DUAL BAND)
ZTEGDD2AFEEA,ont zte,DN/TRF-EMR/26/03280,ZTE-ONT ZXHN-F672Y (DUAL BAND)
ZTEGDD2AFEEF,ont zte,DN/TRF-EMR/26/03280,ZTE-ONT ZXHN-F672Y (DUAL BAND)
ZTEGDD2AFEFD,ont zte,DN/TRF-EMR/26/03280,ZTE-ONT ZXHN-F672Y (DUAL BAND)
ZTEGDD2AFF0B,ont zte,DN/TRF-EMR/26/03280,ZTE-ONT ZXHN-F672Y (DUAL BAND)
ZTEGDD2AFF1E,ont zte,DN/TRF-EMR/26/03280,ZTE-ONT ZXHN-F672Y (DUAL BAND)
ZTEGDD2AFF4A,ont zte,DN/TRF-EMR/26/03280,ZTE-ONT ZXHN-F672Y (DUAL BAND)
ZTEGDD2AFF18,ont zte,DN/TRF-EMR/26/03280,ZTE-ONT ZXHN-F672Y (DUAL BAND)
ZTEGDD2AFEFE,ont zte,DN/TRF-EMR/26/03280,ZTE-ONT ZXHN-F672Y (DUAL BAND)
ZTEGDD2AFEFA,ont zte,DN/TRF-EMR/26/03280,ZTE-ONT ZXHN-F672Y (DUAL BAND)
ZTEGDD2AFEEB,ont zte,DN/TRF-EMR/26/03280,ZTE-ONT ZXHN-F672Y (DUAL BAND)
ZTEGDD2AFEE3,ont zte,DN/TRF-EMR/26/03280,ZTE-ONT ZXHN-F672Y (DUAL BAND)
ZTEGDD2AFEA8,ont zte,DN/TRF-EMR/26/03280,ZTE-ONT ZXHN-F672Y (DUAL BAND)
ZTEGDD2AFE9D,ont zte,DN/TRF-EMR/26/03280,ZTE-ONT ZXHN-F672Y (DUAL BAND)
ZTEGDD2AFE93,ont zte,DN/TRF-EMR/26/03280,ZTE-ONT ZXHN-F672Y (DUAL BAND)
ZTEGDD2AFE7D,ont zte,DN/TRF-EMR/26/03280,ZTE-ONT ZXHN-F672Y (DUAL BAND)
ZTEGDDB0C2C1,ont zte,DN/TRF-EMR/26/03280,ZTE-ONT ZXHN-F672Y (DUAL BAND)
ZTEGDDB0C2CC,ont zte,DN/TRF-EMR/26/03280,ZTE-ONT ZXHN-F672Y (DUAL BAND)
ZTEGDDB0C2CF,ont zte,DN/TRF-EMR/26/03280,ZTE-ONT ZXHN-F672Y (DUAL BAND)
ZTEGDDB0C2DF,ont zte,DN/TRF-EMR/26/03280,ZTE-ONT ZXHN-F672Y (DUAL BAND)
ZTEGDDB0C2E3,ont zte,DN/TRF-EMR/26/03280,ZTE-ONT ZXHN-F672Y (DUAL BAND)
ZTEGDDB0C2F5,ont zte,DN/TRF-EMR/26/03280,ZTE-ONT ZXHN-F672Y (DUAL BAND)
ZTEGDDB0C2F7,ont zte,DN/TRF-EMR/26/03280,ZTE-ONT ZXHN-F672Y (DUAL BAND)
ZTEGDDB0C306,ont zte,DN/TRF-EMR/26/03280,ZTE-ONT ZXHN-F672Y (DUAL BAND)
ZTEGDDB0C3CE,ont zte,DN/TRF-EMR/26/03280,ZTE-ONT ZXHN-F672Y (DUAL BAND)
ZTEGDDB0C4A4,ont zte,DN/TRF-EMR/26/03280,ZTE-ONT ZXHN-F672Y (DUAL BAND)
ZTEGDDB0CFA7,ont zte,DN/TRF-EMR/26/03280,ZTE-ONT ZXHN-F672Y (DUAL BAND)
ZTEGDDB0CD86,ont zte,DN/TRF-EMR/26/03280,ZTE-ONT ZXHN-F672Y (DUAL BAND)
ZTEGDDB0CD4E,ont zte,DN/TRF-EMR/26/03280,ZTE-ONT ZXHN-F672Y (DUAL BAND)
ZTEGDDB0CD42,ont zte,DN/TRF-EMR/26/03280,ZTE-ONT ZXHN-F672Y (DUAL BAND)
ZTEGDDB0CCFC,ont zte,DN/TRF-EMR/26/03280,ZTE-ONT ZXHN-F672Y (DUAL BAND)
ZTEGDDB0CCF4,ont zte,DN/TRF-EMR/26/03280,ZTE-ONT ZXHN-F672Y (DUAL BAND)
ZTEGDDB0CCE3,ont zte,DN/TRF-EMR/26/03280,ZTE-ONT ZXHN-F672Y (DUAL BAND)
ZTEGDDB0CC7F,ont zte,DN/TRF-EMR/26/03280,ZTE-ONT ZXHN-F672Y (DUAL BAND)
ZTEGDDB0CA2B,ont zte,DN/TRF-EMR/26/03280,ZTE-ONT ZXHN-F672Y (DUAL BAND)
ZTEGDDB0C93B,ont zte,DN/TRF-EMR/26/03280,ZTE-ONT ZXHN-F672Y (DUAL BAND)
ZTEGDC4AB563,ont zte,DN/TRF-EMR/26/03280,ZTE-ONT ZXHN-F672Y (DUAL BAND)
ZTEGDC4AB574,ont zte,DN/TRF-EMR/26/03280,ZTE-ONT ZXHN-F672Y (DUAL BAND)
ZTEGDC4AB58C,ont zte,DN/TRF-EMR/26/03280,ZTE-ONT ZXHN-F672Y (DUAL BAND)
ZTEGDC4AB58E,ont zte,DN/TRF-EMR/26/03280,ZTE-ONT ZXHN-F672Y (DUAL BAND)
ZTEGDC4AB598,ont zte,DN/TRF-EMR/26/03280,ZTE-ONT ZXHN-F672Y (DUAL BAND)
ZTEGDC4AB59C,ont zte,DN/TRF-EMR/26/03280,ZTE-ONT ZXHN-F672Y (DUAL BAND)
ZTEGDC4AB5AE,ont zte,DN/TRF-EMR/26/03280,ZTE-ONT ZXHN-F672Y (DUAL BAND)
ZTEGDC4AB5BC,ont zte,DN/TRF-EMR/26/03280,ZTE-ONT ZXHN-F672Y (DUAL BAND)
ZTEGDC4AB5EE,ont zte,DN/TRF-EMR/26/03280,ZTE-ONT ZXHN-F672Y (DUAL BAND)
ZTEGDC4AB600,ont zte,DN/TRF-EMR/26/03280,ZTE-ONT ZXHN-F672Y (DUAL BAND)
ZTEGDC4AB641,ont zte,DN/TRF-EMR/26/03280,ZTE-ONT ZXHN-F672Y (DUAL BAND)
ZTEGDC4AB5FC,ont zte,DN/TRF-EMR/26/03280,ZTE-ONT ZXHN-F672Y (DUAL BAND)
ZTEGDC4AB5C9,ont zte,DN/TRF-EMR/26/03280,ZTE-ONT ZXHN-F672Y (DUAL BAND)
ZTEGDC4AB5B9,ont zte,DN/TRF-EMR/26/03280,ZTE-ONT ZXHN-F672Y (DUAL BAND)
ZTEGDC4AB59F,ont zte,DN/TRF-EMR/26/03280,ZTE-ONT ZXHN-F672Y (DUAL BAND)
ZTEGDC4AB59A,ont zte,DN/TRF-EMR/26/03280,ZTE-ONT ZXHN-F672Y (DUAL BAND)
ZTEGDC4AB595,ont zte,DN/TRF-EMR/26/03280,ZTE-ONT ZXHN-F672Y (DUAL BAND)
ZTEGDC4AB58D,ont zte,DN/TRF-EMR/26/03280,ZTE-ONT ZXHN-F672Y (DUAL BAND)
ZTEGDC4AB57B,ont zte,DN/TRF-EMR/26/03280,ZTE-ONT ZXHN-F672Y (DUAL BAND)
ZTEGDC4AB570,ont zte,DN/TRF-EMR/26/03280,ZTE-ONT ZXHN-F672Y (DUAL BAND)
ZTEGD91EE291,ont zte,DN/TRF-EMR/26/03280,ZTE-ONT ZXHN-F672Y (DUAL BAND)/D
ZTEGD82A6353,ont zte,DN/TRF-EMR/26/03280,ZTE-ONT ZXHN-F672Y (DUAL BAND)/D
ZTEGD82A776F,ont zte,DN/TRF-EMR/26/03280,ZTE-ONT ZXHN-F672Y (DUAL BAND)/D
ZTEGD82A7DB4,ont zte,DN/TRF-EMR/26/03280,ZTE-ONT ZXHN-F672Y (DUAL BAND)/D
ZTEGDACAC953,ont zte,DN/TRF-EMR/26/03280,ZTE-ONT ZXHN-F672Y (DUAL BAND)/D
ZTEGDACAD7F6,ont zte,DN/TRF-EMR/26/03280,ZTE-ONT ZXHN-F672Y (DUAL BAND)/D
ZTEGD82A3D9C,ont zte,DN/TRF-EMR/26/03280,ZTE-ONT ZXHN-F672Y (DUAL BAND)/D
ZTEGDACAD4AC,ont zte,DN/TRF-EMR/26/03280,ZTE-ONT ZXHN-F672Y (DUAL BAND)/D
ZTEGD91EEC96,ont zte,DN/TRF-EMR/26/03280,ZTE-ONT ZXHN-F672Y (DUAL BAND)/D
ZTEGD82A6333,ont zte,DN/TRF-EMR/26/03280,ZTE-ONT ZXHN-F672Y (DUAL BAND)/D
48575443F58FE9B7,ont huawey,DN/TRF-EMR/26/03280,HUAWEI-ONT HG8145V6 (DUAL BAND)
48575443F5923DB7,ont huawey,DN/TRF-EMR/26/03280,HUAWEI-ONT HG8145V6 (DUAL BAND)
48575443F59317B7,ont huawey,DN/TRF-EMR/26/03280,HUAWEI-ONT HG8145V6 (DUAL BAND)
48575443F59076B7,ont huawey,DN/TRF-EMR/26/03280,HUAWEI-ONT HG8145V6 (DUAL BAND)
48575443F58FCBB7,ont huawey,DN/TRF-EMR/26/03280,HUAWEI-ONT HG8145V6 (DUAL BAND)
48575443F58DA8B7,ont huawey,DN/TRF-EMR/26/03280,HUAWEI-ONT HG8145V6 (DUAL BAND)
48575443F58EC5B7,ont huawey,DN/TRF-EMR/26/03280,HUAWEI-ONT HG8145V6 (DUAL BAND)
48575443F5943DB7,ont huawey,DN/TRF-EMR/26/03280,HUAWEI-ONT HG8145V6 (DUAL BAND)
48575443F592EDB7,ont huawey,DN/TRF-EMR/26/03280,HUAWEI-ONT HG8145V6 (DUAL BAND)
48575443F59194B7,ont huawey,DN/TRF-EMR/26/03280,HUAWEI-ONT HG8145V6 (DUAL BAND)
48575443F594F6B7,ont huawey,DN/TRF-EMR/26/03280,HUAWEI-ONT HG8145V6 (DUAL BAND)
48575443F592E8B7,ont huawey,DN/TRF-EMR/26/03280,HUAWEI-ONT HG8145V6 (DUAL BAND)
48575443F5912CB7,ont huawey,DN/TRF-EMR/26/03280,HUAWEI-ONT HG8145V6 (DUAL BAND)
48575443F58F4EB7,ont huawey,DN/TRF-EMR/26/03280,HUAWEI-ONT HG8145V6 (DUAL BAND)
48575443F58E2CB7,ont huawey,DN/TRF-EMR/26/03280,HUAWEI-ONT HG8145V6 (DUAL BAND)
48575443F5900FB7,ont huawey,DN/TRF-EMR/26/03280,HUAWEI-ONT HG8145V6 (DUAL BAND)
48575443F59098B7,ont huawey,DN/TRF-EMR/26/03280,HUAWEI-ONT HG8145V6 (DUAL BAND)
48575443F58F5CB7,ont huawey,DN/TRF-EMR/26/03280,HUAWEI-ONT HG8145V6 (DUAL BAND)
48575443F5958DB7,ont huawey,DN/TRF-EMR/26/03280,HUAWEI-ONT HG8145V6 (DUAL BAND)
48575443F59212B7,ont huawey,DN/TRF-EMR/26/03280,HUAWEI-ONT HG8145V6 (DUAL BAND)
48575443CB4D6DB1,ont huawey,DN/TRF-EMR/26/03280,HUAWEI-ONT HG8145V6 (DUAL BAND)/D
48575443DAEEE6B1,ont huawey,DN/TRF-EMR/26/03280,HUAWEI-ONT HG8145V6 (DUAL BAND)/D
48575443AB7FD0B2,ont huawey,DN/TRF-EMR/26/03280,HUAWEI-ONT HG8145V6 (DUAL BAND)/D
48575443DAF26BB1,ont huawey,DN/TRF-EMR/26/03280,HUAWEI-ONT HG8145V6 (DUAL BAND)/D
48575443B4874CB6,ont huawey,DN/TRF-EMR/26/03280,HUAWEI-ONT HG8145V6 (DUAL BAND)/D
48575443B49C1EB6,ont huawey,DN/TRF-EMR/26/03280,HUAWEI-ONT HG8145V6 (DUAL BAND)/D
48575443F86E18B2,ont huawey,DN/TRF-EMR/26/03280,HUAWEI-ONT HG8145V6 (DUAL BAND)/D
48575443B46902B6,ont huawey,DN/TRF-EMR/26/03280,HUAWEI-ONT HG8145V6 (DUAL BAND)/D
48575443CB4F6BB1,ont huawey,DN/TRF-EMR/26/03280,HUAWEI-ONT HG8145V6 (DUAL BAND)/D
48575443CB5062B1,ont huawey,DN/TRF-EMR/26/03280,HUAWEI-ONT HG8145V6 (DUAL BAND)/D
48575443F87339B2,ont huawey,DN/TRF-EMR/26/03280,HUAWEI-ONT HG8145V6 (DUAL BAND)/D
48575443DAF8E0B1,ont huawey,DN/TRF-EMR/26/03280,HUAWEI-ONT HG8145V6 (DUAL BAND)/D
4857544318B7E2B4,ont huawey,DN/TRF-EMR/26/03280,HUAWEI-ONT HG8145V6 (DUAL BAND)/D
48575443DAF099B1,ont huawey,DN/TRF-EMR/26/03280,HUAWEI-ONT HG8145V6 (DUAL BAND)/D
48575443DB047BB1,ont huawey,DN/TRF-EMR/26/03280,HUAWEI-ONT HG8145V6 (DUAL BAND)/D
48575443DB0597B1,ont huawey,DN/TRF-EMR/26/03280,HUAWEI-ONT HG8145V6 (DUAL BAND)/D
48575443DAE5CBB1,ont huawey,DN/TRF-EMR/26/03280,HUAWEI-ONT HG8145V6 (DUAL BAND)/D
48575443AB8DD1B2,ont huawey,DN/TRF-EMR/26/03280,HUAWEI-ONT HG8145V6 (DUAL BAND)/D
48575443820E9CB2,ont huawey,DN/TRF-EMR/26/03280,HUAWEI-ONT HG8145V6 (DUAL BAND)/D
48575443B4914BB6,ont huawey,DN/TRF-EMR/26/03280,HUAWEI-ONT HG8145V6 (DUAL BAND)/D